ID,MAP4K1,KIT,CDKN2A
PS1,0.032408074,0.889007753,0.175799153
PS2,0.032681063,0.870864258,0.086437674
PS3,0.034002988,0.913522805,0.157728678
PS4,0.029312608,0.872199181,0.068174595
PS5,0.036671642,0.851975033,0.164343853
PS6,0.033762213,0.740642685,0.110857372
PS7,0.036240346,0.834183506,0.09034744
PS8,0.037408079,0.843464793,0.539751057
PS9,0.081708568,0.664263532,0.32310258
PS10,0.046783795,0.734015341,0.19990193